<?xml version="1.0" encoding="UTF-8" standalone="yes"?>
<manifest>
  <control namespace="Fredi.FormControls" constructor="CommentFieldControl" version="1.0.2" display-name-key="CommentFieldControl v1.0.2" description-key="CommentFieldControl v1.0.2 with enhanced styling" control-type="standard" api-version="1.3.18">
    <external-service-usage enabled="false"/>
    <property name="value" display-name-key="Value_Display_Key" description-key="Value_Desc_Key" of-type="SingleLine.Text" usage="bound" required="false"/>
    <resources>
      <code path="bundle.js" order="1"/>
      <platform-library name="React" version="16.8.6"/>
      <platform-library name="Fluent" version="8.29.0"/>
    </resources>
    <feature-usage>
      <uses-feature name="WebAPI" required="true"/>
    </feature-usage>
    <built-by name="pac" version="1.47.1"/>
  </control>
</manifest>